{
  "timestamp": "2026-01-02T18:05:47.596769",
  "phase": "PHASE_2_HAMILTONIAN_CONSTRUCTION",
  "objective": "Construct Conrey-Snaith Hamiltonian with eigenvalues matching zeta zeros",
  "step1_hamiltonian_construction": {
    "L": 200.0,
    "N": 500,
    "dx": 0.40080160320641284,
    "matrix_shape": [
      500,
      500
    ],
    "time_seconds": 0.0008156299591064453
  },
  "step2_eigenvalue_computation": {
    "eigenvalues_count": 50,
    "eigenvalues_computed": [
      -2.283777878582322,
      1.0,
      3.643714435812068,
      7.406401747509908,
      10.930540270533827,
      14.240521166792266,
      17.32289876611658,
      20.14432781634348,
      22.64530333144827,
      24.830685824518504,
      27.09348474156904,
      29.79144772687214,
      32.92271430827403,
      36.44219686725764,
      40.32576963816711,
      44.55991035606157,
      49.136293627928346,
      54.049461869113706,
      59.29567458865596,
      64.87228000109022,
      70.77734687843565,
      77.00943725605765,
      83.56746023821032,
      90.450574804371,
      97.65812339403232,
      105.18958545448909,
      113.04454429215099,
      121.22266299808118,
      129.72366668968928,
      138.54732922808756,
      147.69346315781146,
      157.16191199999824,
      166.95254428681193,
      177.0652488994662,
      187.49993139279007,
      198.2565110738851,
      209.33491866250355,
      220.73509440404897,
      232.45698653755247,
      244.50055004413414,
      256.8657456186262,
      269.5525388199397,
      282.56089936545084,
      295.89080054214315,
      309.5422187128846,
      323.51513290066686,
      337.8095244370224,
      352.4253766635258,
      367.3626746774133,
      382.62140511401003
    ],
    "zero_heights_count": 49,
    "zero_heights_computed": [
      1.0,
      1.9088516013069396,
      2.721470511967732,
      3.3061367592000526,
      3.773661506652692,
      4.162078659289921,
      4.488243288453009,
      4.758708157835304,
      4.983039817673395,
      5.205140223045777,
      5.458154241762698,
      5.737831847333453,
      6.0367372700207556,
      6.350257446605382,
      6.675320992735973,
      7.009728498874143,
      7.351833911964667,
      7.700368470966565,
      8.05433299541869,
      8.412927366763347,
      8.77550210848688,
      9.141523956004837,
      9.51055070983647,
      9.882212474645154,
      10.256197416903065,
      10.632240793555749,
      11.01011639348473,
      11.389629787209472,
      11.770612950398444,
      12.152919943693016,
      12.536423413398186,
      12.921011736192021,
      13.306586673503698,
      13.693061432447825,
      14.080359053443384,
      14.46841106212094,
      14.857156336393885,
      15.246540149737331,
      15.636513359573934,
      16.027031715780254,
      16.418055269121847,
      16.809547863207115,
      17.201476696555535,
      17.593811943774,
      17.986526426763643,
      18.379595328434803,
      18.772995942670573,
      19.16670745530941,
      19.560710751759764
    ],
    "time_seconds": 0.03197932243347168
  },
  "step3_eigenvalue_verification": {
    "errors": [
      0.054365946556615086,
      1.4613292482402365,
      5.450147248240235,
      10.864165248240237,
      13.374351248240238,
      18.025467248240233,
      21.35800824824024,
      23.766362248240235,
      28.444439248240236,
      30.213121248240235,
      33.409610248240234,
      36.88553724824023,
      39.78633324824023,
      41.27116124824023,
      45.551833248240236,
      47.51910024824024,
      49.98569124824024,
      52.50644724824024,
      56.14398024824023,
      57.58412924824024,
      59.77666424824023,
      63.34967824824023,
      65.17418924824022,
      67.86456424824024,
      69.24585624824024,
      72.93109124824025,
      75.09063324824024,
      76.31606624824025,
      79.27048324824023,
      81.75714024824023,
      84.16482724824024,
      85.88591224824023,
      88.30167524824023,
      90.63742924824024,
      92.31393224824023,
      94.75951024824025,
      96.66564224824023,
      98.92980424824023,
      101.80941424824024,
      102.92581124824022,
      105.47182824824023,
      107.86042124824024,
      110.01817124824024,
      111.52697724824026,
      113.93702624824024,
      115.91442824824026,
      118.02546724824023,
      120.17549724824025,
      121.56292224824026
    ],
    "mean_error": 67.04731928289976,
    "max_error": 121.56292224824026,
    "min_error": 0.054365946556615086,
    "std_error": 35.242790616592146,
    "median_error": 69.24585624824024,
    "accuracy_1e6": 0.0,
    "accuracy_1e8": 0.0,
    "accuracy_1e10": 0.0,
    "time_seconds": 0.0008752346038818359
  },
  "step4_gue_validation": {
    "computed_mean_spacing": 0.3866814739949951,
    "reference_mean_spacing": 2.64560225,
    "mean_spacing_match": 0.1461600941694826,
    "computed_variance": 0.01306293615946298,
    "reference_variance": 1.2728093244683945,
    "variance_ratio": 0.010263073901441511,
    "assessment": "NEEDS_IMPROVEMENT",
    "computed_spacing": {
      "count": 48,
      "mean": 0.3866814739949951,
      "variance": 0.01306293615946298,
      "std_dev": 0.11429320259518053,
      "min": 0.22210040537238118,
      "max": 0.9088516013069396,
      "max_min_ratio": 4.092075382677162
    },
    "reference_spacing": {
      "count": 48,
      "mean": 2.64560225,
      "variance": 1.2728093244683945,
      "std_dev": 1.1281885145969155,
      "min": 1.116396999999992,
      "max": 6.887315000000001,
      "max_min_ratio": 6.16923460023634
    },
    "time_seconds": 0.00027441978454589844
  },
  "step5_berry_keating_formula": {
    "zero_heights": [
      1.0,
      1.9088516013069396,
      2.721470511967732,
      3.3061367592000526,
      3.773661506652692,
      4.162078659289921,
      4.488243288453009,
      4.758708157835304,
      4.983039817673395,
      5.205140223045777,
      5.458154241762698,
      5.737831847333453,
      6.0367372700207556,
      6.350257446605382,
      6.675320992735973,
      7.009728498874143,
      7.351833911964667,
      7.700368470966565,
      8.05433299541869,
      8.412927366763347,
      8.77550210848688,
      9.141523956004837,
      9.51055070983647,
      9.882212474645154,
      10.256197416903065,
      10.632240793555749,
      11.01011639348473,
      11.389629787209472,
      11.770612950398444,
      12.152919943693016,
      12.536423413398186,
      12.921011736192021,
      13.306586673503698,
      13.693061432447825,
      14.080359053443384,
      14.46841106212094,
      14.857156336393885,
      15.246540149737331,
      15.636513359573934,
      16.027031715780254,
      16.418055269121847,
      16.809547863207115,
      17.201476696555535,
      17.593811943774,
      17.986526426763643,
      18.379595328434803,
      18.772995942670573,
      19.16670745530941,
      19.560710751759764
    ],